Entity,Year,CO2,GDP,Population,Energy
India,1990,591.00,32600.00,873.00,3250.00
India,1991,622.27,40145.33,888.66,3317.80
India,1992,652.85,47662.97,904.28,3384.40
India,1993,682.15,55126.95,919.81,3448.74
India,1994,709.74,62514.65,935.22,3509.96
India,1995,735.45,69808.17,950.48,3567.50
India,1996,759.33,76995.49,965.58,3621.16
India,1997,781.71,84071.17,980.52,3671.13
India,1998,803.09,91036.74,995.31,3717.94
India,1999,824.13,97900.53,1009.98,3762.43
India,2000,845.54,104677.25,1024.56,3805.66
India,2001,867.96,111386.99,1039.10,3848.84
India,2002,891.90,118054.02,1053.63,3893.14
India,2003,917.67,124705.25,1068.22,3939.65
India,2004,945.34,131368.59,1082.89,3989.26
India,2005,974.69,138071.19,1097.68,4042.51
India,2006,1005.30,144837.76,1112.62,4099.64
India,2007,1036.58,151689.02,1127.72,4160.49
India,2008,1067.84,158640.45,1142.98,4224.53
India,2009,1098.38,165701.27,1158.39,4290.95
India,2010,1127.63,172873.94,1173.92,4358.67
India,2011,1155.16,180153.92,1189.54,4426.53
India,2012,1180.80,187530.03,1205.21,4493.31
India,2013,1204.62,194985.10,1220.87,4557.94
India,2014,1226.95,202497.05,1236.49,4619.52
India,2015,1248.31,210040.28,1252.02,4677.47
India,2016,1269.35,217587.22,1267.42,4731.54
India,2017,1290.78,225110.08,1282.68,4781.88
India,2018,1313.25,232582.58,1297.78,4828.99
India,2019,1337.25,239981.55,1312.72,4873.68
India,2020,1363.09,247288.40,1327.51,4916.99
India,2021,1390.82,254490.28,1342.18,4960.11
India,2022,1420.23,261580.84,1356.76,5004.24
India,2023,1450.88,268560.69,1371.29,5050.47
India,2024,1482.17,275437.28,1385.83,5099.72
